-- phpMyAdmin SQL Dump
-- version 4.7.7
-- https://www.phpmyadmin.net/
--
-- Хост: 127.0.0.1:3306
-- Время создания: Апр 20 2020 г., 14:59
-- Версия сервера: 5.6.38
-- Версия PHP: 7.2.0

SET SQL_MODE = "NO_AUTO_VALUE_ON_ZERO";
SET AUTOCOMMIT = 0;
START TRANSACTION;
SET time_zone = "+00:00";


/*!40101 SET @OLD_CHARACTER_SET_CLIENT=@@CHARACTER_SET_CLIENT */;
/*!40101 SET @OLD_CHARACTER_SET_RESULTS=@@CHARACTER_SET_RESULTS */;
/*!40101 SET @OLD_COLLATION_CONNECTION=@@COLLATION_CONNECTION */;
/*!40101 SET NAMES utf8mb4 */;

--
-- База данных: `phonebook`
--

-- --------------------------------------------------------

--
-- Структура таблицы `contacts`
--

CREATE TABLE `contacts` (
  `id` bigint(20) UNSIGNED NOT NULL,
  `name` varchar(50) NOT NULL,
  `surname` varchar(50) NOT NULL,
  `created_at` timestamp NULL DEFAULT NULL,
  `updated_at` timestamp NULL DEFAULT NULL
) ENGINE=InnoDB DEFAULT CHARSET=utf8;

--
-- Дамп данных таблицы `contacts`
--

INSERT INTO `contacts` (`id`, `name`, `surname`, `created_at`, `updated_at`) VALUES
(1, 'Tressa', 'Turcotte', '2020-04-20 08:47:33', '2020-04-20 08:47:33'),
(2, 'Maria', 'Blanda', '2020-04-20 08:47:33', '2020-04-20 08:47:33'),
(3, 'Emelia', 'Keeling', '2020-04-20 08:47:33', '2020-04-20 08:47:33'),
(4, 'Vada', 'Terry', '2020-04-20 08:47:33', '2020-04-20 08:47:33'),
(5, 'Gavin', 'West', '2020-04-20 08:47:33', '2020-04-20 08:47:33'),
(6, 'Kayla', 'Hudson', '2020-04-20 08:47:33', '2020-04-20 08:47:33'),
(7, 'Nigel', 'Bergstrom', '2020-04-20 08:47:33', '2020-04-20 08:47:33'),
(8, 'Alvena', 'Medhurst', '2020-04-20 08:47:33', '2020-04-20 08:47:33'),
(9, 'Maryam', 'Considine', '2020-04-20 08:47:33', '2020-04-20 08:47:33'),
(10, 'Lupe', 'Hessel', '2020-04-20 08:47:33', '2020-04-20 08:47:33'),
(11, 'Damion', 'Spencer', '2020-04-20 08:47:33', '2020-04-20 08:47:33'),
(12, 'Rachelle', 'Leannon', '2020-04-20 08:47:33', '2020-04-20 08:47:33'),
(13, 'Mckayla', 'Dickens', '2020-04-20 08:47:33', '2020-04-20 08:47:33'),
(14, 'Louie', 'Cronin', '2020-04-20 08:47:33', '2020-04-20 08:47:33'),
(15, 'Uriah', 'Williamson', '2020-04-20 08:47:33', '2020-04-20 08:47:33'),
(16, 'Camren', 'Beer', '2020-04-20 08:47:33', '2020-04-20 08:47:33'),
(17, 'Octavia', 'Schroeder', '2020-04-20 08:47:33', '2020-04-20 08:47:33'),
(18, 'Herbert', 'Hackett', '2020-04-20 08:47:33', '2020-04-20 08:47:33'),
(19, 'Adah', 'Hodkiewicz', '2020-04-20 08:47:33', '2020-04-20 08:47:33'),
(20, 'Liza', 'Langosh', '2020-04-20 08:47:33', '2020-04-20 08:47:33'),
(21, 'Cicero', 'Rau', '2020-04-20 08:47:33', '2020-04-20 08:47:33'),
(22, 'Colby', 'King', '2020-04-20 08:47:33', '2020-04-20 08:47:33'),
(23, 'Brandon', 'Hamill', '2020-04-20 08:47:33', '2020-04-20 08:47:33'),
(24, 'Retta', 'Feil', '2020-04-20 08:47:33', '2020-04-20 08:47:33'),
(25, 'SandraAnd', 'Kirlin', '2020-04-20 08:47:33', '2020-04-20 08:50:04'),
(26, 'Joyce', 'Adams', '2020-04-20 08:47:33', '2020-04-20 08:47:33'),
(27, 'Angel', 'Schiller', '2020-04-20 08:47:33', '2020-04-20 08:47:33'),
(28, 'Grace', 'Bernhard', '2020-04-20 08:47:33', '2020-04-20 08:47:33'),
(29, 'Turner', 'Kerluke', '2020-04-20 08:47:33', '2020-04-20 08:47:33'),
(30, 'Christy', 'Howe', '2020-04-20 08:47:33', '2020-04-20 08:47:33');

-- --------------------------------------------------------

--
-- Структура таблицы `migrations`
--

CREATE TABLE `migrations` (
  `id` int(10) UNSIGNED NOT NULL,
  `migration` varchar(255) NOT NULL,
  `batch` int(11) NOT NULL
) ENGINE=InnoDB DEFAULT CHARSET=utf8;

--
-- Дамп данных таблицы `migrations`
--

INSERT INTO `migrations` (`id`, `migration`, `batch`) VALUES
(1, '2020_04_17_140055_create_contacts_table', 1),
(2, '2020_04_17_140248_create_phonenumbers_table', 1);

-- --------------------------------------------------------

--
-- Структура таблицы `phone_numbers`
--

CREATE TABLE `phone_numbers` (
  `id` bigint(20) UNSIGNED NOT NULL,
  `contact_id` bigint(20) UNSIGNED NOT NULL,
  `phone_number` varchar(100) NOT NULL,
  `created_at` timestamp NULL DEFAULT NULL,
  `updated_at` timestamp NULL DEFAULT NULL
) ENGINE=InnoDB DEFAULT CHARSET=utf8;

--
-- Дамп данных таблицы `phone_numbers`
--

INSERT INTO `phone_numbers` (`id`, `contact_id`, `phone_number`, `created_at`, `updated_at`) VALUES
(1, 20, '0802796028', '2020-04-20 08:47:33', '2020-04-20 08:47:33'),
(2, 18, '0801246311', '2020-04-20 08:47:33', '2020-04-20 08:47:33'),
(3, 30, '0801243321', '2020-04-20 08:47:33', '2020-04-20 08:47:33'),
(4, 4, '0806936197', '2020-04-20 08:47:33', '2020-04-20 08:47:33'),
(5, 28, '0806581063', '2020-04-20 08:47:33', '2020-04-20 08:47:33'),
(6, 9, '0807690875', '2020-04-20 08:47:33', '2020-04-20 08:47:33'),
(7, 27, '0870226131', '2020-04-20 08:47:33', '2020-04-20 08:47:33'),
(8, 21, '0802000607', '2020-04-20 08:47:33', '2020-04-20 08:47:33'),
(9, 4, '0802492502', '2020-04-20 08:47:33', '2020-04-20 08:47:33'),
(10, 17, '0802522678', '2020-04-20 08:47:33', '2020-04-20 08:47:33'),
(11, 13, '0870642933', '2020-04-20 08:47:33', '2020-04-20 08:47:33'),
(12, 12, '0800794429', '2020-04-20 08:47:33', '2020-04-20 08:47:33'),
(13, 2, '0800641328', '2020-04-20 08:47:33', '2020-04-20 08:47:33'),
(14, 15, '0800825356', '2020-04-20 08:47:33', '2020-04-20 08:47:33'),
(15, 30, '0806300697', '2020-04-20 08:47:33', '2020-04-20 08:47:33'),
(16, 8, '0870440942', '2020-04-20 08:47:33', '2020-04-20 08:47:33'),
(17, 8, '0806854084', '2020-04-20 08:47:33', '2020-04-20 08:47:33'),
(18, 3, '0800233198', '2020-04-20 08:47:33', '2020-04-20 08:47:33'),
(19, 5, '0807507340', '2020-04-20 08:47:33', '2020-04-20 08:47:33'),
(20, 29, '0870304646', '2020-04-20 08:47:33', '2020-04-20 08:47:33'),
(21, 21, '0870257752', '2020-04-20 08:47:33', '2020-04-20 08:47:33'),
(22, 15, '0800224772', '2020-04-20 08:47:33', '2020-04-20 08:47:33'),
(23, 10, '0801263359', '2020-04-20 08:47:33', '2020-04-20 08:47:33'),
(24, 26, '0807695755', '2020-04-20 08:47:33', '2020-04-20 08:47:33'),
(25, 18, '0802840533', '2020-04-20 08:47:33', '2020-04-20 08:47:33'),
(26, 13, '0802480961', '2020-04-20 08:47:33', '2020-04-20 08:47:33'),
(27, 24, '0806154660', '2020-04-20 08:47:33', '2020-04-20 08:47:33'),
(28, 14, '0806077844', '2020-04-20 08:47:33', '2020-04-20 08:47:33'),
(29, 3, '0802094230', '2020-04-20 08:47:33', '2020-04-20 08:47:33'),
(30, 10, '0800018910', '2020-04-20 08:47:33', '2020-04-20 08:47:33'),
(31, 21, '0806467233', '2020-04-20 08:47:33', '2020-04-20 08:47:33'),
(32, 5, '0870333201', '2020-04-20 08:47:33', '2020-04-20 08:47:33'),
(33, 9, '0800496146', '2020-04-20 08:47:33', '2020-04-20 08:47:33'),
(34, 7, '0800674246', '2020-04-20 08:47:33', '2020-04-20 08:47:33'),
(35, 30, '0801524946', '2020-04-20 08:47:33', '2020-04-20 08:47:33'),
(36, 13, '0807541649', '2020-04-20 08:47:33', '2020-04-20 08:47:33'),
(37, 1, '0802258873', '2020-04-20 08:47:33', '2020-04-20 08:47:33'),
(38, 8, '0870343223', '2020-04-20 08:47:33', '2020-04-20 08:47:33'),
(39, 9, '0870346539', '2020-04-20 08:47:33', '2020-04-20 08:47:33'),
(40, 26, '0801873318', '2020-04-20 08:47:33', '2020-04-20 08:47:33'),
(41, 14, '0870669765', '2020-04-20 08:47:33', '2020-04-20 08:47:33'),
(42, 3, '0800545242', '2020-04-20 08:47:33', '2020-04-20 08:47:33'),
(43, 9, '0800747167', '2020-04-20 08:47:33', '2020-04-20 08:47:33'),
(44, 14, '0802057005', '2020-04-20 08:47:33', '2020-04-20 08:47:33'),
(45, 21, '0807873771', '2020-04-20 08:47:33', '2020-04-20 08:47:33'),
(46, 13, '0807652234', '2020-04-20 08:47:33', '2020-04-20 08:47:33'),
(47, 12, '0801004880', '2020-04-20 08:47:33', '2020-04-20 08:47:33'),
(48, 18, '0800655809', '2020-04-20 08:47:33', '2020-04-20 08:47:33'),
(49, 15, '0801194829', '2020-04-20 08:47:33', '2020-04-20 08:47:33'),
(50, 16, '0800397149', '2020-04-20 08:47:33', '2020-04-20 08:47:33'),
(51, 22, '0806936377', '2020-04-20 08:47:33', '2020-04-20 08:47:33'),
(52, 2, '0807686006', '2020-04-20 08:47:33', '2020-04-20 08:47:33'),
(53, 24, '0801544488', '2020-04-20 08:47:33', '2020-04-20 08:47:33'),
(54, 21, '0807323417', '2020-04-20 08:47:33', '2020-04-20 08:47:33'),
(55, 20, '0802819570', '2020-04-20 08:47:33', '2020-04-20 08:47:33'),
(56, 8, '0800958098', '2020-04-20 08:47:33', '2020-04-20 08:47:33'),
(57, 28, '0801374335', '2020-04-20 08:47:33', '2020-04-20 08:47:33'),
(58, 11, '0802820305', '2020-04-20 08:47:33', '2020-04-20 08:47:33'),
(59, 19, '0870876690', '2020-04-20 08:47:33', '2020-04-20 08:47:33'),
(60, 30, '0802942974', '2020-04-20 08:47:33', '2020-04-20 08:47:33'),
(61, 28, '0802213459', '2020-04-20 08:47:33', '2020-04-20 08:47:33'),
(62, 22, '0801288821', '2020-04-20 08:47:33', '2020-04-20 08:47:33'),
(63, 20, '0800462141', '2020-04-20 08:47:33', '2020-04-20 08:47:33'),
(64, 9, '0802583634', '2020-04-20 08:47:33', '2020-04-20 08:47:33'),
(65, 26, '0801718559', '2020-04-20 08:47:33', '2020-04-20 08:47:33'),
(66, 23, '0870303214', '2020-04-20 08:47:33', '2020-04-20 08:47:33'),
(67, 16, '0802966648', '2020-04-20 08:47:33', '2020-04-20 08:47:33'),
(68, 28, '0870345738', '2020-04-20 08:47:33', '2020-04-20 08:47:33'),
(69, 27, '0807031560', '2020-04-20 08:47:33', '2020-04-20 08:47:33'),
(70, 21, '0807521939', '2020-04-20 08:47:33', '2020-04-20 08:47:33'),
(71, 8, '0800164882', '2020-04-20 08:47:33', '2020-04-20 08:47:33'),
(72, 3, '0801673110', '2020-04-20 08:47:33', '2020-04-20 08:47:33'),
(73, 8, '0802011110', '2020-04-20 08:47:33', '2020-04-20 08:47:33'),
(74, 19, '0807736573', '2020-04-20 08:47:33', '2020-04-20 08:47:33'),
(75, 19, '0802779606', '2020-04-20 08:47:33', '2020-04-20 08:47:33'),
(76, 2, '0801730006', '2020-04-20 08:47:33', '2020-04-20 08:47:33'),
(77, 21, '0800980511', '2020-04-20 08:47:33', '2020-04-20 08:47:33'),
(78, 1, '0870254506', '2020-04-20 08:47:33', '2020-04-20 08:47:33'),
(79, 16, '0800860326', '2020-04-20 08:47:33', '2020-04-20 08:47:33'),
(80, 7, '0870576187', '2020-04-20 08:47:33', '2020-04-20 08:47:33'),
(81, 6, '990870333201', '2020-04-20 08:49:29', '2020-04-20 08:49:29'),
(82, 25, '90870333201', '2020-04-20 08:50:24', '2020-04-20 08:50:24');

--
-- Индексы сохранённых таблиц
--

--
-- Индексы таблицы `contacts`
--
ALTER TABLE `contacts`
  ADD PRIMARY KEY (`id`);

--
-- Индексы таблицы `migrations`
--
ALTER TABLE `migrations`
  ADD PRIMARY KEY (`id`);

--
-- Индексы таблицы `phone_numbers`
--
ALTER TABLE `phone_numbers`
  ADD PRIMARY KEY (`id`),
  ADD KEY `phone_numbers_contact_id_foreign` (`contact_id`);

--
-- AUTO_INCREMENT для сохранённых таблиц
--

--
-- AUTO_INCREMENT для таблицы `contacts`
--
ALTER TABLE `contacts`
  MODIFY `id` bigint(20) UNSIGNED NOT NULL AUTO_INCREMENT, AUTO_INCREMENT=31;

--
-- AUTO_INCREMENT для таблицы `migrations`
--
ALTER TABLE `migrations`
  MODIFY `id` int(10) UNSIGNED NOT NULL AUTO_INCREMENT, AUTO_INCREMENT=3;

--
-- AUTO_INCREMENT для таблицы `phone_numbers`
--
ALTER TABLE `phone_numbers`
  MODIFY `id` bigint(20) UNSIGNED NOT NULL AUTO_INCREMENT, AUTO_INCREMENT=83;

--
-- Ограничения внешнего ключа сохраненных таблиц
--

--
-- Ограничения внешнего ключа таблицы `phone_numbers`
--
ALTER TABLE `phone_numbers`
  ADD CONSTRAINT `phone_numbers_contact_id_foreign` FOREIGN KEY (`contact_id`) REFERENCES `contacts` (`id`) ON DELETE CASCADE;
COMMIT;

/*!40101 SET CHARACTER_SET_CLIENT=@OLD_CHARACTER_SET_CLIENT */;
/*!40101 SET CHARACTER_SET_RESULTS=@OLD_CHARACTER_SET_RESULTS */;
/*!40101 SET COLLATION_CONNECTION=@OLD_COLLATION_CONNECTION */;
